h,Done
http://www.dailytenminutes.com/2017/04/in-class-i-teach-for-adults-i-recently.html,1
http://www.dailytenminutes.com/2017/07/story-amithabh-bachan-traveling.html,0
http://www.dailytenminutes.com/2017/07/story-life-is-like-cup-of-coffee.html,0
http://www.dailytenminutes.com/2017/09/success-story-honda-motor-co-soichiro.html,0
http://www.dailytenminutes.com/2017/09/story-rich-lady-speaking-to-mary.html,0
http://www.dailytenminutes.com/2017/09/success-story-fred-smith-federal-express.html,0
http://www.dailytenminutes.com/2017/08/only-dead-man.html,0
http://www.dailytenminutes.com/2017/08/story-everyone-is-unfaithful-to-me.html,0
http://www.dailytenminutes.com/2017/08/story-three-dolls.html,0
http://www.dailytenminutes.com/2017/07/short-story-why-are-you-unlucky.html,0
http://www.dailytenminutes.com/2017/09/story-newlywed-youg-man-speaks-to-his.html,0
http://www.dailytenminutes.com/2017/09/story-charity-wrapped-in-dignity.html,0
http://www.dailytenminutes.com/2017/09/story-my-husband-does-not-make-me-happy.html,0
http://www.dailytenminutes.com/2017/09/story-arthur-ashe-someone-dying-of-aids.html,0
http://www.dailytenminutes.com/2017/09/story-i-lost-50-currency-notes.html,0
http://www.dailytenminutes.com/2017/09/story-army-guys-nice-gesture.html,0
http://www.dailytenminutes.com/2017/09/i-did-this-to-my-wife-and-i-regret-it.html,0
http://www.dailytenminutes.com/2017/09/story-rabit-in-swimming-school.html,0
http://www.dailytenminutes.com/2017/07/story-technology-is-not-life.html,0
http://www.dailytenminutes.com/2016/04/story-from-candles-to-soap.html,0
http://www.dailytenminutes.com/2016/04/story-bryan-old-lady-and-young-lady.html,0
http://www.dailytenminutes.com/2016/04/story-senior-management-speaks-to.html,0
http://www.dailytenminutes.com/2016/04/story-running-your-own-race.html,0
http://www.dailytenminutes.com/2016/04/6-billion-company-that-started-with.html,0
http://www.dailytenminutes.com/2016/04/who-will-you-chose-to-be-drive-1-or.html,0
http://www.dailytenminutes.com/2016/04/bad-result-small-story.html,0
http://www.dailytenminutes.com/2016/04/story-piece-of-paper.html,0
http://www.dailytenminutes.com/2016/04/story-twist-in-murder-story.html,0
http://www.dailytenminutes.com/2016/04/story-charming-senior-couple-and-their.html,0
http://www.dailytenminutes.com/2016/03/story-of-mother-hen.html,0
http://www.dailytenminutes.com/2016/03/story-shark-and-glass-wall.html,0
http://www.dailytenminutes.com/2016/03/story-good-people-bad-people.html,0
http://www.dailytenminutes.com/2016/03/story-power-of-empathy.html,0
http://www.dailytenminutes.com/2016/03/story-jennys-necklace.html,0
http://www.dailytenminutes.com/2016/03/story-lady-trying-to-find-happiness.html,0
http://www.dailytenminutes.com/2016/03/humor-economics-professor.html,0
http://www.dailytenminutes.com/2016/02/boy-girl-doll.html,0
http://www.dailytenminutes.com/2016/02/story-man-on-siachin-glacier.html,0
http://www.dailytenminutes.com/2016/02/emotional-when-children-left.html,0
http://www.dailytenminutes.com/2016/02/story-serving-people-who-serve-us.html,0
http://www.dailytenminutes.com/2016/02/story-wise-master.html,0
http://www.dailytenminutes.com/2016/02/the-maid-and-pizza.html,0
http://www.dailytenminutes.com/2016/02/story-how-changing-passwords-changed-my.html,0
http://www.dailytenminutes.com/2016/02/story-18th-camel.html,0
http://www.dailytenminutes.com/2016/02/story-empty-boat.html,0
http://www.dailytenminutes.com/2016/02/story-missing-goat.html,0
http://www.dailytenminutes.com/2016/01/story-power-of-mothers-prayer.html,0
http://www.dailytenminutes.com/2016/01/story-of-naeem-positive-thinking.html,0
http://www.dailytenminutes.com/2016/01/story-dry-cleaner-first-impression-on.html,0
http://www.dailytenminutes.com/2016/01/story-teacher-and-her-husband.html,0
http://www.dailytenminutes.com/2016/01/story-two-lines-and-vultures.html,0
http://www.dailytenminutes.com/2016/01/story-judo-kid.html,0
http://www.dailytenminutes.com/2016/01/story-successful-tennis-player.html,0
http://www.dailytenminutes.com/2016/01/story-business-tycoon-died.html,0
http://www.dailytenminutes.com/2015/12/story-painting-collection.html,0
http://www.dailytenminutes.com/2015/12/story-dear-lion-and-forest-fire.html,0
http://www.dailytenminutes.com/2013/09/story-stop-being-judgmental.html,0
http://www.dailytenminutes.com/2013/10/story-engineers.html,0
http://www.dailytenminutes.com/2013/10/story-thirst.html,0
http://www.dailytenminutes.com/2013/10/story-from-stress-to-strength.html,0
http://www.dailytenminutes.com/2013/10/story-from-stress-to-strength.html,0
http://www.dailytenminutes.com/2013/09/story-two-brothers.html,0
http://www.dailytenminutes.com/2013/09/story-your-simple-gesture-could-be-life.html,0
http://www.dailytenminutes.com/2013/09/story-manager-and-worker.html,0
http://www.dailytenminutes.com/2013/09/beggar-and-servant-boy-story-for-your.html,0
http://www.dailytenminutes.com/2013/09/story-mountain-principle.html,0
http://www.dailytenminutes.com/2013/08/story-correct-it-or-prevent-it-choice.html,0
http://www.dailytenminutes.com/2012/04/story-power-of-positive-talk.html,0
http://www.dailytenminutes.com/2012/01/wow-approach.html,0
http://www.dailytenminutes.com/2009/12/monkey-with-wooden-apples.html,0
http://www.dailytenminutes.com/2012/05/story-knowing-where-to-tap.html,0
http://www.dailytenminutes.com/2012/05/story-glass-lake-and-salt.html,0
http://www.dailytenminutes.com/2012/05/story-of-socrates-triple-filter.html,0
http://www.dailytenminutes.com/2012/05/story-you-may-like.html,0
http://www.dailytenminutes.com/2013/07/ask-yourself-why.html,0
http://www.dailytenminutes.com/2013/07/story-truck-driver-and-tyre.html,0
http://www.dailytenminutes.com/2013/06/story-what-goes-around-comes-around.html,0
http://www.dailytenminutes.com/2013/06/story-manager-and-worker.html,0
http://www.dailytenminutes.com/2012/10/humor-reason-for-divorce.html,0
http://www.dailytenminutes.com/2013/05/story-cookies.html,0
http://www.dailytenminutes.com/2013/05/story-eagle-and-chickens.html,0
http://www.dailytenminutes.com/2013/05/story-love-and-care-by-brother.html,0
http://www.dailytenminutes.com/2013/06/story-cute-girl-and-toffee.html,0
http://www.dailytenminutes.com/2013/08/story-correct-it-or-prevent-it-choice.html,0
http://www.dailytenminutes.com/2013/07/my-wife-doesnt-work.html,0
http://www.dailytenminutes.com/2013/08/story-rat-and-maze.html,0
http://www.dailytenminutes.com/2013/08/story-my-father-and-burnt-biscuit.html,0
http://www.dailytenminutes.com/2013/08/story-woman-and-parrot.html,0
http://www.dailytenminutes.com/2013/08/story-powerful-relationship.html,0
http://www.dailytenminutes.com/2013/08/story-doctor-spencers-invention-of.html,0
http://www.dailytenminutes.com/2013/07/story-two-patients.html,0
http://www.dailytenminutes.com/2013/07/story-truck-driver-and-tyre.html,0
http://www.dailytenminutes.com/2013/05/story-love-and-care-by-brother.html,0
http://www.dailytenminutes.com/2013/05/story-of-lamborghini-and-ferrari.html,0
http://www.dailytenminutes.com/2013/05/story-dog-in-well.html,0
http://www.dailytenminutes.com/2013/06/story-manager-and-worker.html,0
http://www.dailytenminutes.com/2013/02/story-competing-with-others.html,0
http://www.dailytenminutes.com/2013/01/story-alphabet-for-blinds.html,0
http://www.dailytenminutes.com/2013/01/treating-people-fairly.html,0
http://www.dailytenminutes.com/2012/12/story-mr-educated-and-mr-wisdom.html,0
http://www.dailytenminutes.com/2012/11/story-art-of-living-without-recognition.html,0
http://www.dailytenminutes.com/2012/11/which-employee-type-are-you.html,0
http://www.dailytenminutes.com/2012/11/the-family-picnic-and-traffic-signal.html,0
http://www.dailytenminutes.com/2012/01/wow-approach.html,0
http://www.dailytenminutes.com/2013/04/dont-feed-fish-teach-how-to-catch-it.html,0
http://www.dailytenminutes.com/2013/04/story-cockroach-theory-for-self.html,0
http://www.dailytenminutes.com/2013/03/story-giving-comments-about-others.html,0
http://www.dailytenminutes.com/2013/02/story-self-confidence.html,0
http://www.dailytenminutes.com/2012/11/story-woman-and-bread.html,0
http://www.dailytenminutes.com/2012/10/story-turtles-picnic.html,0
http://www.dailytenminutes.com/2012/10/story-controlling-negative-thougts.html,0
http://www.dailytenminutes.com/2012/10/short-story-unhappy-young-lady.html,0
http://www.dailytenminutes.com/2013/08/story-rat-and-maze.html,0
http://www.dailytenminutes.com/2013/07/story-two-patients.html,0
http://www.dailytenminutes.com/2013/08/story-doctor-spencers-invention-of.html,0
http://www.dailytenminutes.com/2013/10/story-my-daughter-reminds-me-great.html,0
http://www.dailytenminutes.com/2013/10/story-gossip-girl_14.html,0
http://www.dailytenminutes.com/2013/10/story-two-falcons.html,0
http://www.dailytenminutes.com/2013/10/story-presence-of-mind.html,0
http://www.dailytenminutes.com/2012/07/story-stress-management.html,0
http://www.dailytenminutes.com/2012/07/story-cute-student-counts-apples.html,0
http://www.dailytenminutes.com/2012/06/everyone-is-unique-real-life-analogy.html,0
http://www.dailytenminutes.com/2012/06/story-of-young-son-perspective.html,0
http://www.dailytenminutes.com/2012/06/story-millionaire-and-3-person.html,0
http://www.dailytenminutes.com/2012/06/story-lawyer-and-farmer.html,0
http://www.dailytenminutes.com/2012/06/story-of-monkey-business.html,0
http://www.dailytenminutes.com/2012/05/story-baloons-seller-and-kid.html,0
http://www.dailytenminutes.com/2012/05/story-mistake-of-senior-executive.html,0
http://www.dailytenminutes.com/2012/05/story-giving-your-100.html,0
http://www.dailytenminutes.com/2012/05/story-officers-inspection.html,0
http://www.dailytenminutes.com/2012/05/story-dad-me.html,0
http://www.dailytenminutes.com/2012/05/story-better-to-give.html,0
http://www.dailytenminutes.com/2012/05/story-world-of-smile.html,0
http://www.dailytenminutes.com/2012/05/story-unconditional-love.html,0
http://www.dailytenminutes.com/2012/05/story-man-at-maxican-beach.html,0
http://www.dailytenminutes.com/2012/05/story-carpenter.html,0
http://www.dailytenminutes.com/2012/05/story-fisherman.html,0
http://www.dailytenminutes.com/2012/05/train-situation-what-would-you-do.html,0
http://www.dailytenminutes.com/2012/05/story-young-couple.html,0
http://www.dailytenminutes.com/2012/10/story-stone-on-road.html,0
http://www.dailytenminutes.com/2012/09/the-lady-and-sales-man.html,0
http://www.dailytenminutes.com/2012/09/story-stock-exchange.html,0
http://www.dailytenminutes.com/2012/09/story-teacher-and-tomatoes.html,0
http://www.dailytenminutes.com/2012/09/story-old-german-dog.html,0
http://www.dailytenminutes.com/2012/05/story-of-two-wolves.html,0
http://www.dailytenminutes.com/2012/05/story-respect-follows-service.html,0
http://www.dailytenminutes.com/2012/05/story-of-alexender-three-wishes.html,0
http://www.dailytenminutes.com/2012/05/story-salty-coffee.html,0
http://www.dailytenminutes.com/2012/03/story-secret-of-success.html,0
http://www.dailytenminutes.com/2009/08/mind-set.html,0
http://www.dailytenminutes.com/2012/01/story-two-brothers.html,0
http://www.dailytenminutes.com/2011/12/story-presense-of-mind.html,0
http://www.dailytenminutes.com/2011/12/story-missing-watch.html,0
http://www.dailytenminutes.com/2013/04/story-cockroach-theory-for-self.html,0
http://www.dailytenminutes.com/2009/03/wife-and-window-short-story.html,0
http://www.dailytenminutes.com/2012/02/change-yourself-rather-than-trying-to.html,0
http://www.dailytenminutes.com/2012/02/ant-contact-lens.html,0
http://www.dailytenminutes.com/2012/05/story-easy-to-criticise-difficult-to.html,0
http://www.dailytenminutes.com/2009/03/give-your-100-percent-very-powerful.html,0
http://www.dailytenminutes.com/2012/03/law-of-garbage-truck.html,0
http://www.dailytenminutes.com/2012/04/how-i-became-honest.html,0
http://www.dailytenminutes.com/2012/04/story-about-father-and-his-son.html,0
http://www.dailytenminutes.com/2015/02/story-cold-weather.html,0
http://www.dailytenminutes.com/2015/02/storythe-best-pay-back.html,0
http://www.dailytenminutes.com/2015/03/story-no-one-can-hurt-you-without-your.html,0
http://www.dailytenminutes.com/2015/03/story-butterfly-cocoon.html,0
http://www.dailytenminutes.com/2015/03/the-mechanic-and-doctor-version-2.html,0
http://www.dailytenminutes.com/2015/03/story-attended-interesting-event-for.html,0
http://www.dailytenminutes.com/2015/03/the-tube-lights.html,0
http://www.dailytenminutes.com/2015/03/humor-killer-jigsaw-puzzle.html,0
http://www.dailytenminutes.com/2015/04/story-sinking-ship-and-couple.html,0
http://www.dailytenminutes.com/2015/04/story-necklace.html,0
http://www.dailytenminutes.com/2015/04/story-scholar-and-ferryman.html,0
http://www.dailytenminutes.com/2015/04/story-miracle-sister-and-her-brother.html,0
http://www.dailytenminutes.com/2015/03/story-whisper.html,0
http://www.dailytenminutes.com/2015/03/story-my-neighbor-is-thief.html,0
http://www.dailytenminutes.com/2015/03/story-sharing-your-happiness.html,0
http://www.dailytenminutes.com/2015/04/story-professor-explains.html,0
http://www.dailytenminutes.com/2015/04/story-presidents-father.html,0
http://www.dailytenminutes.com/2014/11/story-hardworking-father.html,0
http://www.dailytenminutes.com/2014/11/story-rain-school.html,0
http://www.dailytenminutes.com/2014/11/story-race-in-africa.html,0
http://www.dailytenminutes.com/2014/10/story-my-son-came-to-me-in-kitchen.html,0
http://www.dailytenminutes.com/2014/10/story-cab-ride.html,0
http://www.dailytenminutes.com/2014/11/story-bunnies-and-their-mother.html,0
http://www.dailytenminutes.com/2014/11/story-for-parentskids-old-zebra-and.html,0
http://www.dailytenminutes.com/2014/12/story-do-it-now.html,0
http://www.dailytenminutes.com/2014/11/story-thinking-of-man-and-his-wife.html,0
http://www.dailytenminutes.com/2014/12/story-mountain-principle.html,0
http://www.dailytenminutes.com/2014/12/story-bride-groom-love.html,0
http://www.dailytenminutes.com/2014/12/story-doctors-arrogance.html,0
http://www.dailytenminutes.com/2014/12/story-tortoise-elephant-and-hippopotamus.html,0
http://www.dailytenminutes.com/2014/12/story-small-acts-pay-off.html,0
http://www.dailytenminutes.com/2014/12/story-thirst-and-rusty-well.html,0
http://www.dailytenminutes.com/2014/10/story-reflections-on-true-meaning-of.html,0
http://www.dailytenminutes.com/2014/10/story-bouquet-for-mother.html,0
http://www.dailytenminutes.com/2014/10/story-chosing-new-ceo.html,0
http://www.dailytenminutes.com/2015/01/story-kindness-of-poor-farmer.html,0
http://www.dailytenminutes.com/2015/01/story-two-seeds.html,0
http://www.dailytenminutes.com/2015/01/story-ahmed-and-aisha.html,0
http://www.dailytenminutes.com/2015/01/professional-story-signing-off.html,0
http://www.dailytenminutes.com/2015/01/story-being-honest.html,0
http://www.dailytenminutes.com/2015/01/story-different-thinking-of-husband-and.html,0
http://www.dailytenminutes.com/2015/01/story-woman-and-parrot.html,0
http://www.dailytenminutes.com/2015/01/story-going-to-limit.html,0
http://www.dailytenminutes.com/2015/04/story-professor-explains.html,0
http://www.dailytenminutes.com/2014/04/story-talking-bird.html,0
http://www.dailytenminutes.com/2014/04/story-of-rat-statue.html,0
http://www.dailytenminutes.com/2014/04/story-cry-for-help.html,0
http://www.dailytenminutes.com/2014/04/story-golden-gift.html,0
http://www.dailytenminutes.com/2014/04/story-cracked-pots.html,0
http://www.dailytenminutes.com/2014/03/story-pearls.html,0
http://www.dailytenminutes.com/2014/03/read-this-story-if-your-kids-chat-online.html,0
http://www.dailytenminutes.com/2014/02/story-chuan-and-jing.html,0
http://www.dailytenminutes.com/2012/03/story-power-of-positive-talk.html,0
http://www.dailytenminutes.com/2012/03/story-my-son-and-ice-cream.html,0
http://www.dailytenminutes.com/2012/04/story-of-farmers-daughter.html,0
http://www.dailytenminutes.com/2012/04/story-sharpen-your-skills.html,0
http://www.dailytenminutes.com/2012/04/story-keeping-others-happy.html,0
http://www.dailytenminutes.com/2012/04/story-pond-of-milk.html,0
http://www.dailytenminutes.com/2012/04/story-self-appraisal.html,0
http://www.dailytenminutes.com/2012/04/story-power-of-positive-talk.html,0
http://www.dailytenminutes.com/2013/10/story-from-stress-to-strength.html,0
http://www.dailytenminutes.com/2012/04/old-story-with-good-lesson.html,0
http://www.dailytenminutes.com/2012/05/story-wise-farmer-of-china.html,0
http://www.dailytenminutes.com/2012/05/story-stay-focussed.html,0
http://www.dailytenminutes.com/2012/05/story-of-two-brothers-concluding-good.html,0
http://www.dailytenminutes.com/2012/05/story-green-concept.html,0
http://www.dailytenminutes.com/2012/05/story-pick-up-in-rain.html,0
http://www.dailytenminutes.com/2012/04/story-of-gold-coins-99-club.html,0
http://www.dailytenminutes.com/2012/04/story-about-soap-box.html,0
http://www.dailytenminutes.com/2014/08/story-touching-farewell.html,0
http://www.dailytenminutes.com/2014/09/story-borrowing-pen.html,0
http://www.dailytenminutes.com/2014/08/story-golden-gift.html,0
http://www.dailytenminutes.com/2014/08/story-500-baloons.html,0
http://www.dailytenminutes.com/2014/08/story-good-people-bad-people.html,0
http://www.dailytenminutes.com/2014/08/story-kindness-of-poor-farmer.html,0
http://www.dailytenminutes.com/2014/07/story-doctor.html,0
http://www.dailytenminutes.com/2014/09/story-do-it-now.html,0
http://www.dailytenminutes.com/2014/08/story-two-seeds.html,0
http://www.dailytenminutes.com/2014/09/story-crow-parrot-and-peacock.html,0
http://www.dailytenminutes.com/2014/07/story-german-food.html,0
http://www.dailytenminutes.com/2014/07/story-costly-mobile.html,0
http://www.dailytenminutes.com/2014/06/story-always-ask-never-assume.html,0
http://www.dailytenminutes.com/2014/06/story-man-locked-in-cold-room.html,0
http://www.dailytenminutes.com/2014/04/5-short-stories-with-morals.html,0
http://www.dailytenminutes.com/2014/04/story-miracle-sister-and-her-brother.html,0
http://www.dailytenminutes.com/2014/04/story-whisper.html,0
http://www.dailytenminutes.com/2014/04/12-short-stories-worth-reading.html,0
http://www.dailytenminutes.com/2015/01/story-monkey-with-wooden-apples.html,0
http://www.dailytenminutes.com/2015/01/story-powerful-relationship.html,0
http://www.dailytenminutes.com/2015/02/story-costly-mobile.html,0
http://www.dailytenminutes.com/2015/02/a-story-about-love-and-affection.html,0
http://www.dailytenminutes.com/2015/01/a-splendid-love-story.html,0
http://www.dailytenminutes.com/2015/01/story-corn-field.html,0
http://www.dailytenminutes.com/2014/12/story-perfection-is-habit.html,0
http://www.dailytenminutes.com/2014/12/story-crow-parrot-and-peacock.html,0
http://www.dailytenminutes.com/2015/02/story-golden-gift.html,0
http://www.dailytenminutes.com/2015/05/story-woman-and-bread.html,0
http://www.dailytenminutes.com/2015/05/aliza-explains.html,0
http://www.dailytenminutes.com/2015/05/story-management-decisions.html,0
http://www.dailytenminutes.com/2015/05/story-park-bench.html,0
http://www.dailytenminutes.com/2015/05/one-bedroom-flat-touching-story-for.html,0
http://www.dailytenminutes.com/2015/05/story-father-and-son-flying-kite.html,0
http://www.dailytenminutes.com/2015/05/story-costly-jaguar.html,0
http://www.dailytenminutes.com/2015/04/story-presidents-father.html,0
http://www.dailytenminutes.com/2012/04/story-monkey-and-apples.html,0
http://www.dailytenminutes.com/2012/04/story-of-carpenters-birdging-gap.html,0
http://www.dailytenminutes.com/2012/04/story-of-man-and-frogs.html,0
http://www.dailytenminutes.com/2012/04/story-of-bus-driver-management-lesson.html,0
http://www.dailytenminutes.com/2012/05/story-teacher-students-and-potatoes.html,0
http://www.dailytenminutes.com/2012/05/story-counting-countless.html,0
http://www.dailytenminutes.com/2012/04/story-of-loving-couple.html,0
http://www.dailytenminutes.com/2012/04/story-of-appreciation.html,0
http://www.dailytenminutes.com/2012/04/very-simple-story-to-encourage-you.html,0
http://www.dailytenminutes.com/2012/03/story-need-of-shark.html,0
http://www.dailytenminutes.com/2012/03/story-of-dad-and-son-love-people-use.html,0
http://www.dailytenminutes.com/2012/03/story-tears-of-happiness.html,0
http://www.dailytenminutes.com/2012/03/story-on-carelessness-in-medicines.html,0
http://www.dailytenminutes.com/2012/03/story-garderner-and-his-garden.html,0
http://www.dailytenminutes.com/2015/03/story-this-is-our-every-day-life.html,0
http://www.dailytenminutes.com/2015/02/humor-why-is-it-so.html,0
http://www.dailytenminutes.com/2015/02/story-millions-of-frogs.html,0
http://www.dailytenminutes.com/2015/02/story-cycle.html,0
http://www.dailytenminutes.com/2015/02/story-three-workers.html,0
http://www.dailytenminutes.com/2015/09/story-hotel-consultant-from-japan.html,0
http://www.dailytenminutes.com/2015/08/story-lovely-girl-with-two-apples.html,0
http://www.dailytenminutes.com/2015/07/story-lady-and-4-turtles.html,0
http://www.dailytenminutes.com/2015/07/story-shark-and-glass-wall.html,0
http://www.dailytenminutes.com/2015/07/story-wooden-bowl.html,0
http://www.dailytenminutes.com/2015/06/story-old-parents.html,0
http://www.dailytenminutes.com/2015/08/story-farmer-and-onions.html,0
http://www.dailytenminutes.com/2015/07/story-ant-in-balcony.html,0
http://www.dailytenminutes.com/2015/08/mr-nazir-lost-his-wife.html,0
http://www.dailytenminutes.com/2015/07/story-ajay-and-anita.html,0
http://www.dailytenminutes.com/2015/07/story-singapore-taxi.html,0
http://www.dailytenminutes.com/2015/06/story-two-falcons.html,0
http://www.dailytenminutes.com/2015/06/story-how-god-answers-our-prayers.html,0
http://www.dailytenminutes.com/2015/07/story-ant-in-balcony.html,0
http://www.dailytenminutes.com/2015/07/story-ajay-and-anita.html,0
http://www.dailytenminutes.com/2015/07/story-singapore-taxi.html,0
http://www.dailytenminutes.com/2015/07/story-lady-and-4-turtles.html,0
http://www.dailytenminutes.com/2015/07/story-shark-and-glass-wall.html,0
http://www.dailytenminutes.com/2015/07/story-love-and-marriage.html,0
http://www.dailytenminutes.com/2015/07/story-wooden-bowl.html,0
http://www.dailytenminutes.com/2015/06/story-two-falcons.html,0
http://www.dailytenminutes.com/2015/06/story-how-god-answers-our-prayers.html,0
http://www.dailytenminutes.com/2015/08/story-farmer-and-onions.html,0
http://www.dailytenminutes.com/2015/08/mr-nazir-lost-his-wife.html,0
http://www.dailytenminutes.com/2015/08/story-lovely-girl-with-two-apples.html,0
http://www.dailytenminutes.com/2015/08/story-farmer-selling-butter-to-baker.html,0
http://www.dailytenminutes.com/2015/08/story-new-emperor.html,0
http://www.dailytenminutes.com/2015/08/story-happy-bird.html,0
http://www.dailytenminutes.com/2015/08/story-over-confident-think-twice.html,0
http://www.dailytenminutes.com/2015/08/story-over-confidence-of-lady-after.html,0
http://www.dailytenminutes.com/2015/08/story-mosquito-and-elephant.html,0
http://www.dailytenminutes.com/2015/08/story-mother-son-and-shop-keeper.html,0
http://www.dailytenminutes.com/2015/08/safiya-and-meraj-story.html,0
http://www.dailytenminutes.com/2015/09/story-of-business-man-who-worked-as.html,0
http://www.dailytenminutes.com/2015/09/story-ahmed-and-aisha-couple.html,0
http://www.dailytenminutes.com/2015/09/story-genius.html,0
http://www.dailytenminutes.com/2015/09/humor-woman-in-court.html,0
http://www.dailytenminutes.com/2015/09/story-lights-of-times-square.html,0
http://www.dailytenminutes.com/2015/08/story-farmer-selling-butter-to-baker.html,0
http://www.dailytenminutes.com/2015/07/story-love-and-marriage.html,0
http://www.dailytenminutes.com/2014/03/story-doctor-and-father_25.html,0
http://www.dailytenminutes.com/2014/03/story-old-man-his-wife-and-doctor.html,0
http://www.dailytenminutes.com/2014/03/story-touching-farewell.html,0
http://www.dailytenminutes.com/2014/03/story-unique-human-flaws.html,0
http://www.dailytenminutes.com/2014/03/story-feast-for-clothes.html,0
http://www.dailytenminutes.com/2014/03/story-ducks-quack-eagles-soar.html,0
http://www.dailytenminutes.com/2014/03/story-its-never-too-late.html,0
http://www.dailytenminutes.com/2014/03/story-secret-to-peaceful-marriage.html,0
http://www.dailytenminutes.com/2014/03/story-secret-of-managing-stress.html,0
http://www.dailytenminutes.com/2014/03/story-corn-field.html,0
http://www.dailytenminutes.com/2014/03/story-what-is-purpose-of-our-lives.html,0
http://www.dailytenminutes.com/2014/02/story-born-to-win.html,0
http://www.dailytenminutes.com/2014/02/story-remembering-and-forgetting.html,0
http://www.dailytenminutes.com/2014/03/story-excellent-employee.html,0
http://www.dailytenminutes.com/2014/02/story-man-in-trouble.html,0
http://www.dailytenminutes.com/2014/02/the-tube-lights.html,0
http://www.dailytenminutes.com/2014/02/story-costly-mobile.html,0
http://www.dailytenminutes.com/2014/02/story-family-goes-to-village.html,0
http://www.dailytenminutes.com/2014/02/story-cow-and-owner.html,0
http://www.dailytenminutes.com/2014/02/short-story-unhappy-young-lady.html,0
http://www.dailytenminutes.com/2014/01/story-successful-tenis-player.html,0
http://www.dailytenminutes.com/2014/01/story-look-after-your-rocks.html,0
http://www.dailytenminutes.com/2014/01/story-necklace.html,0
http://www.dailytenminutes.com/2014/01/pencil-and-eraser.html,0
http://www.dailytenminutes.com/2014/01/the-scholar-and-ferryman.html,0
http://www.dailytenminutes.com/2014/01/story-kings-teeth.html,0
http://www.dailytenminutes.com/2014/01/story-worms.html,0
http://www.dailytenminutes.com/2014/01/story-stay-sharp.html,0
http://www.dailytenminutes.com/2014/01/story-bad-temper.html,0
http://www.dailytenminutes.com/2014/01/the-donkey-in-well.html,0
http://www.dailytenminutes.com/2013/11/story-black-telephone.html,0
http://www.dailytenminutes.com/2013/11/story-judging-others-based-on-their.html,0
http://www.dailytenminutes.com/2012/10/short-story-red-light-special.html,0
http://www.dailytenminutes.com/2012/10/the-dubai-beach-and-car-battery-issue.html,0
http://www.dailytenminutes.com/2012/10/story-mother-daughter-and-map.html,0
http://www.dailytenminutes.com/2012/08/story-stone-soup.html,0
http://www.dailytenminutes.com/2012/07/story-honest-abe.html,0
http://www.dailytenminutes.com/2012/07/coffee-and-cups.html,0
http://www.dailytenminutes.com/2013/10/story-ahmed-and-aisha-couple.html,0
http://www.dailytenminutes.com/2013/10/story-complaining-with-no-intention-of.html,0
http://www.dailytenminutes.com/2013/10/story-chicken-chicken-chicken.html,0
http://www.dailytenminutes.com/2013/08/story-woman-and-parrot.html,0
http://www.dailytenminutes.com/2013/08/story-my-father-and-burnt-biscuit.html,0
http://www.dailytenminutes.com/2013/10/story-secret-of-success.html,0
http://www.dailytenminutes.com/2016/05/story-young-mom-with-kids-on-beach.html,0
http://www.dailytenminutes.com/2016/05/story-unconditional-love.html,0
http://www.dailytenminutes.com/2016/04/story-i-was-so-angry-that-i-left-home.html,0
http://www.dailytenminutes.com/2016/04/a-rickshaw-drivers-life.html,0
http://www.dailytenminutes.com/2017/05/the-stupid-letter.html,0
http://www.dailytenminutes.com/2017/06/story-10th-apple-effect.html,0
http://www.dailytenminutes.com/2017/05/story-two-truck-drivers.html,0
http://www.dailytenminutes.com/2017/04/story-tortoise-elephant-and-hippopotamus.html,0
http://www.dailytenminutes.com/2017/04/story-my-driver.html,0
http://www.dailytenminutes.com/2017/04/story-field-marshal-lieutenant-and.html,0
http://www.dailytenminutes.com/2017/04/story-bride-groom-love.html,0
http://www.dailytenminutes.com/2017/07/health-how-to-manage-panic-attacks.html,0
http://www.dailytenminutes.com/2017/07/health-how-to-manage-panic-attacks.html,0
http://www.dailytenminutes.com/2017/07/11-benefits-of-goat-meat-for-body-health.html,0
http://www.dailytenminutes.com/2017/07/11-benefits-of-goat-meat-for-body-health.html,0
http://www.dailytenminutes.com/2017/07/wise-fathers-letter-to-his-son.html,0
http://www.dailytenminutes.com/2017/07/wise-fathers-letter-to-his-son.html,0
http://www.dailytenminutes.com/2018/07/1-old-man-lived-in-village-moral-stories.html,0
http://www.dailytenminutes.com/2018/07/1-old-man-lived-in-village-moral-stories.html,0
http://www.dailytenminutes.com/2018/07/50-most-positive-things-you-can-do.html,0
http://www.dailytenminutes.com/2018/07/50-most-positive-things-you-can-do.html,0
http://www.dailytenminutes.com/2018/07/how-to-build-best-farm-shed-tasmania.html,0
http://www.dailytenminutes.com/2018/07/how-to-build-best-farm-shed-tasmania.html,0
http://www.dailytenminutes.com/2014/08/story-touching-farewell.html,0
http://www.dailytenminutes.com/2014/08/story-touching-farewell.html,0
http://www.dailytenminutes.com/2014/08/the-power-of-detachment.html,0
http://www.dailytenminutes.com/2014/08/story-feast-for-clothes.html,0
http://www.dailytenminutes.com/2014/08/story-feast-for-clothes.html,0
http://www.dailytenminutes.com/2016/05/inspirational-stories-recently-added-to.html,0
http://www.dailytenminutes.com/2016/05/inspirational-stories-recently-added-to.html,0
http://www.dailytenminutes.com/2018/03/collection-of-500-online-stories.html,0
http://www.dailytenminutes.com/2018/03/collection-of-500-online-stories.html,0
